[
    {"city": "Absecon", "state": "New Jersey"},
    {"city": "Allendale", "state": "New Jersey"},
    {"city": "Asbury Park", "state": "New Jersey"},
    {"city": "Ashland", "state": "New Jersey"},
    {"city": "Atlantic City", "state": "New Jersey"},
    {"city": "Audubon", "state": "New Jersey"},
    {"city": "Avenel", "state": "New Jersey"},
    {"city": "Barclay-Kingston", "state": "New Jersey"},
    {"city": "Barrington", "state": "New Jersey"},
    {"city": "Bayonne", "state": "New Jersey"},
    {"city": "Beachwood", "state": "New Jersey"},
    {"city": "Belleville", "state": "New Jersey"},
    {"city": "Bellmawr", "state": "New Jersey"},
    {"city": "Belmar", "state": "New Jersey"},
    {"city": "Bergenfield", "state": "New Jersey"},
    {"city": "Berkeley Heights", "state": "New Jersey"},
    {"city": "Berlin", "state": "New Jersey"},
    {"city": "Bernardsville", "state": "New Jersey"},
    {"city": "Bloomfield", "state": "New Jersey"},
    {"city": "Bloomingdale", "state": "New Jersey"},
    {"city": "Bogota", "state": "New Jersey"},
    {"city": "Boonton", "state": "New Jersey"},
    {"city": "Bound Brook", "state": "New Jersey"},
    {"city": "Bridgeton", "state": "New Jersey"},
    {"city": "Brigantine", "state": "New Jersey"},
    {"city": "Browns Mills", "state": "New Jersey"},
    {"city": "Budd Lake", "state": "New Jersey"},
    {"city": "Burlington", "state": "New Jersey"},
    {"city": "Butler", "state": "New Jersey"},
    {"city": "Caldwell", "state": "New Jersey"},
    {"city": "Camden", "state": "New Jersey"},
    {"city": "Carneys Point", "state": "New Jersey"},
    {"city": "Carteret", "state": "New Jersey"},
    {"city": "Cedar Grove", "state": "New Jersey"},
    {"city": "Chatham", "state": "New Jersey"},
    {"city": "Cherry Hill Mall", "state": "New Jersey"},
    {"city": "Clark", "state": "New Jersey"},
    {"city": "Clayton", "state": "New Jersey"},
    {"city": "Cliffside Park", "state": "New Jersey"},
    {"city": "Clifton", "state": "New Jersey"},
    {"city": "Closter", "state": "New Jersey"},
    {"city": "Collingswood", "state": "New Jersey"},
    {"city": "Colonia", "state": "New Jersey"},
    {"city": "Cranford", "state": "New Jersey"},
    {"city": "Cresskill", "state": "New Jersey"},
    {"city": "Crestwood Village", "state": "New Jersey"},
    {"city": "Dayton", "state": "New Jersey"},
    {"city": "Dover", "state": "New Jersey"},
    {"city": "Dumont", "state": "New Jersey"},
    {"city": "Dunellen", "state": "New Jersey"},
    {"city": "East Brunswick", "state": "New Jersey"},
    {"city": "East Orange", "state": "New Jersey"},
    {"city": "East Rutherford", "state": "New Jersey"},
    {"city": "Eatontown", "state": "New Jersey"},
    {"city": "Echelon", "state": "New Jersey"},
    {"city": "Edgewater", "state": "New Jersey"},
    {"city": "Edison", "state": "New Jersey"},
    {"city": "Elizabeth", "state": "New Jersey"},
    {"city": "Elmwood Park", "state": "New Jersey"},
    {"city": "Emerson", "state": "New Jersey"},
    {"city": "Englewood", "state": "New Jersey"},
    {"city": "Erlton-Ellisburg", "state": "New Jersey"},
    {"city": "Ewing", "state": "New Jersey"},
    {"city": "Fair Lawn", "state": "New Jersey"},
    {"city": "Fairfield", "state": "New Jersey"},
    {"city": "Fairview", "state": "New Jersey"},
    {"city": "Fanwood", "state": "New Jersey"},
    {"city": "Florence-Roebling", "state": "New Jersey"},
    {"city": "Florham Park", "state": "New Jersey"},
    {"city": "Fords", "state": "New Jersey"},
    {"city": "Fort Dix", "state": "New Jersey"},
    {"city": "Fort Lee", "state": "New Jersey"},
    {"city": "Franklin Lakes", "state": "New Jersey"},
    {"city": "Freehold", "state": "New Jersey"},
    {"city": "Garfield", "state": "New Jersey"},
    {"city": "Glassboro", "state": "New Jersey"},
    {"city": "Glen Ridge", "state": "New Jersey"},
    {"city": "Glen Rock", "state": "New Jersey"},
    {"city": "Gloucester City", "state": "New Jersey"},
    {"city": "Greentree", "state": "New Jersey"},
    {"city": "Guttenberg", "state": "New Jersey"},
    {"city": "Hackensack", "state": "New Jersey"},
    {"city": "Hackettstown", "state": "New Jersey"},
    {"city": "Haddon Heights", "state": "New Jersey"},
    {"city": "Haddonfield", "state": "New Jersey"},
    {"city": "Haledon", "state": "New Jersey"},
    {"city": "Hammonton", "state": "New Jersey"},
    {"city": "Harrison", "state": "New Jersey"},
    {"city": "Hasbrouck Heights", "state": "New Jersey"},
    {"city": "Hawthorne", "state": "New Jersey"},
    {"city": "Highland Park", "state": "New Jersey"},
    {"city": "Hillsdale", "state": "New Jersey"},
    {"city": "Hillside", "state": "New Jersey"},
    {"city": "Hoboken", "state": "New Jersey"},
    {"city": "Holiday City-Berkeley", "state": "New Jersey"},
    {"city": "Hopatcong", "state": "New Jersey"},
    {"city": "Irvington", "state": "New Jersey"},
    {"city": "Iselin", "state": "New Jersey"},
    {"city": "Jamesburg", "state": "New Jersey"},
    {"city": "Jersey City", "state": "New Jersey"},
    {"city": "Keansburg", "state": "New Jersey"},
    {"city": "Kearny", "state": "New Jersey"},
    {"city": "Kendall Park", "state": "New Jersey"},
    {"city": "Kenilworth", "state": "New Jersey"},
    {"city": "Keyport", "state": "New Jersey"},
    {"city": "Kinnelon", "state": "New Jersey"},
    {"city": "Lake Mohawk", "state": "New Jersey"},
    {"city": "Lakewood", "state": "New Jersey"},
    {"city": "Laurence Harbor", "state": "New Jersey"},
    {"city": "Leisure Village West-Pine Lake Park", "state": "New Jersey"},
    {"city": "Leonia", "state": "New Jersey"},
    {"city": "Lincoln Park", "state": "New Jersey"},
    {"city": "Lincroft", "state": "New Jersey"},
    {"city": "Linden", "state": "New Jersey"},
    {"city": "Lindenwold", "state": "New Jersey"},
    {"city": "Linwood", "state": "New Jersey"},
    {"city": "Little Falls", "state": "New Jersey"},
    {"city": "Little Ferry", "state": "New Jersey"},
    {"city": "Little Silver", "state": "New Jersey"},
    {"city": "Livingston", "state": "New Jersey"},
    {"city": "Lodi", "state": "New Jersey"},
    {"city": "Long Branch", "state": "New Jersey"},
    {"city": "Lyndhurst", "state": "New Jersey"},
    {"city": "Madison", "state": "New Jersey"},
    {"city": "Madison Park", "state": "New Jersey"},
    {"city": "Manasquan", "state": "New Jersey"},
    {"city": "Manville", "state": "New Jersey"},
    {"city": "Maplewood", "state": "New Jersey"},
    {"city": "Margate City", "state": "New Jersey"},
    {"city": "Marlton", "state": "New Jersey"},
    {"city": "Matawan", "state": "New Jersey"},
    {"city": "Maywood", "state": "New Jersey"},
    {"city": "McGuire AFB", "state": "New Jersey"},
    {"city": "Mercerville-Hamilton Square", "state": "New Jersey"},
    {"city": "Metuchen", "state": "New Jersey"},
    {"city": "Middlesex", "state": "New Jersey"},
    {"city": "Midland Park", "state": "New Jersey"},
    {"city": "Millburn", "state": "New Jersey"},
    {"city": "Milltown", "state": "New Jersey"},
    {"city": "Millville", "state": "New Jersey"},
    {"city": "Montclair", "state": "New Jersey"},
    {"city": "Montvale", "state": "New Jersey"},
    {"city": "Moorestown-Lenola", "state": "New Jersey"},
    {"city": "Morganville", "state": "New Jersey"},
    {"city": "Morristown", "state": "New Jersey"},
    {"city": "Mountainside", "state": "New Jersey"},
    {"city": "Mystic Island", "state": "New Jersey"},
    {"city": "New Brunswick", "state": "New Jersey"},
    {"city": "New Milford", "state": "New Jersey"},
    {"city": "New Providence", "state": "New Jersey"},
    {"city": "Newark", "state": "New Jersey"},
    {"city": "Newton", "state": "New Jersey"},
    {"city": "North Arlington", "state": "New Jersey"},
    {"city": "North Brunswick Township", "state": "New Jersey"},
    {"city": "North Caldwell", "state": "New Jersey"},
    {"city": "North Haledon", "state": "New Jersey"},
    {"city": "North Plainfield", "state": "New Jersey"},
    {"city": "Northfield", "state": "New Jersey"},
    {"city": "Nutley", "state": "New Jersey"},
    {"city": "Oakland", "state": "New Jersey"},
    {"city": "Ocean Acres", "state": "New Jersey"},
    {"city": "Ocean City", "state": "New Jersey"},
    {"city": "Old Bridge", "state": "New Jersey"},
    {"city": "Oradell", "state": "New Jersey"},
    {"city": "Orange", "state": "New Jersey"},
    {"city": "Palisades Park", "state": "New Jersey"},
    {"city": "Palmyra", "state": "New Jersey"},
    {"city": "Paramus", "state": "New Jersey"},
    {"city": "Park Ridge", "state": "New Jersey"},
    {"city": "Passaic", "state": "New Jersey"},
    {"city": "Paterson", "state": "New Jersey"},
    {"city": "Paulsboro", "state": "New Jersey"},
    {"city": "Pennsauken", "state": "New Jersey"},
    {"city": "Pennsville", "state": "New Jersey"},
    {"city": "Perth Amboy", "state": "New Jersey"},
    {"city": "Phillipsburg", "state": "New Jersey"},
    {"city": "Pine Hill", "state": "New Jersey"},
    {"city": "Pitman", "state": "New Jersey"},
    {"city": "Plainfield", "state": "New Jersey"},
    {"city": "Pleasantville", "state": "New Jersey"},
    {"city": "Point Pleasant", "state": "New Jersey"},
    {"city": "Pompton Lakes", "state": "New Jersey"},
    {"city": "Princeton", "state": "New Jersey"},
    {"city": "Princeton Meadows", "state": "New Jersey"},
    {"city": "Rahway", "state": "New Jersey"},
    {"city": "Ramblewood", "state": "New Jersey"},
    {"city": "Ramsey", "state": "New Jersey"},
    {"city": "Raritan", "state": "New Jersey"},
    {"city": "Red Bank", "state": "New Jersey"},
    {"city": "Ridgefield", "state": "New Jersey"},
    {"city": "Ridgefield Park", "state": "New Jersey"},
    {"city": "Ridgewood", "state": "New Jersey"},
    {"city": "Ringwood", "state": "New Jersey"},
    {"city": "River Edge", "state": "New Jersey"},
    {"city": "River Vale", "state": "New Jersey"},
    {"city": "Rockaway", "state": "New Jersey"},
    {"city": "Roselle", "state": "New Jersey"},
    {"city": "Roselle Park", "state": "New Jersey"},
    {"city": "Rumson", "state": "New Jersey"},
    {"city": "Runnemede", "state": "New Jersey"},
    {"city": "Rutherford", "state": "New Jersey"},
    {"city": "Saddle Brook", "state": "New Jersey"},
    {"city": "Sayreville", "state": "New Jersey"},
    {"city": "Scotch Plains", "state": "New Jersey"},
    {"city": "Secaucus", "state": "New Jersey"},
    {"city": "Somers Point", "state": "New Jersey"},
    {"city": "Somerset", "state": "New Jersey"},
    {"city": "Somerville", "state": "New Jersey"},
    {"city": "South Amboy", "state": "New Jersey"},
    {"city": "South Orange", "state": "New Jersey"},
    {"city": "South Plainfield", "state": "New Jersey"},
    {"city": "South River", "state": "New Jersey"},
    {"city": "Spotswood", "state": "New Jersey"},
    {"city": "Springdale", "state": "New Jersey"},
    {"city": "Springfield", "state": "New Jersey"},
    {"city": "Stratford", "state": "New Jersey"},
    {"city": "Strathmore", "state": "New Jersey"},
    {"city": "Succasunna-Kenvil", "state": "New Jersey"},
    {"city": "Summit", "state": "New Jersey"},
    {"city": "Teaneck", "state": "New Jersey"},
    {"city": "Tenafly", "state": "New Jersey"},
    {"city": "Tinton Falls", "state": "New Jersey"},
    {"city": "Toms River", "state": "New Jersey"},
    {"city": "Totowa", "state": "New Jersey"},
    {"city": "Trenton", "state": "New Jersey"},
    {"city": "Twin Rivers", "state": "New Jersey"},
    {"city": "Union", "state": "New Jersey"},
    {"city": "Union Beach", "state": "New Jersey"},
    {"city": "Union City", "state": "New Jersey"},
    {"city": "Upper Saddle River", "state": "New Jersey"},
    {"city": "Ventnor City", "state": "New Jersey"},
    {"city": "Verona", "state": "New Jersey"},
    {"city": "Villas", "state": "New Jersey"},
    {"city": "Vineland", "state": "New Jersey"},
    {"city": "Waldwick", "state": "New Jersey"},
    {"city": "Wallington", "state": "New Jersey"},
    {"city": "Wanaque", "state": "New Jersey"},
    {"city": "Washington", "state": "New Jersey"},
    {"city": "Washington Township", "state": "New Jersey"},
    {"city": "Wayne", "state": "New Jersey"},
    {"city": "West Caldwell", "state": "New Jersey"},
    {"city": "West Freehold", "state": "New Jersey"},
    {"city": "West Long Branch", "state": "New Jersey"},
    {"city": "West Milford", "state": "New Jersey"},
    {"city": "West New York", "state": "New Jersey"},
    {"city": "West Orange", "state": "New Jersey"},
    {"city": "West Paterson", "state": "New Jersey"},
    {"city": "Westfield", "state": "New Jersey"},
    {"city": "Westwood", "state": "New Jersey"},
    {"city": "Wharton", "state": "New Jersey"},
    {"city": "White Horse", "state": "New Jersey"},
    {"city": "White Meadow Lake", "state": "New Jersey"},
    {"city": "Williamstown", "state": "New Jersey"},
    {"city": "Wood-Ridge", "state": "New Jersey"},
    {"city": "Woodbridge", "state": "New Jersey"},
    {"city": "Woodbury", "state": "New Jersey"},
    {"city": "Wyckoff", "state": "New Jersey"},
    {"city": "Yardville-Groveville", "state": "New Jersey"},
    {"city": "Yorketown", "state": "New Jersey"},
    {"city": "Airmont", "state": "New York"},
    {"city": "Albany", "state": "New York"},
    {"city": "Albion", "state": "New York"},
    {"city": "Albion", "state": "New York"},
    {"city": "Alden", "state": "New York"},
    {"city": "Allegany", "state": "New York"},
    {"city": "Altamont", "state": "New York"},
    {"city": "Amherst", "state": "New York"},
    {"city": "Amityville", "state": "New York"},
    {"city": "Amsterdam", "state": "New York"},
    {"city": "Arcadia", "state": "New York"},
    {"city": "Arlington", "state": "New York"},
    {"city": "Attica", "state": "New York"},
    {"city": "Auburn", "state": "New York"},
    {"city": "Aurora", "state": "New York"},
    {"city": "Avon", "state": "New York"},
    {"city": "Babylon", "state": "New York"},
    {"city": "Babylon", "state": "New York"},
    {"city": "Baldwin", "state": "New York"},
    {"city": "Baldwin Harbor", "state": "New York"},
    {"city": "Baldwinsville", "state": "New York"},
    {"city": "Ballston", "state": "New York"},
    {"city": "Barton", "state": "New York"},
    {"city": "Batavia", "state": "New York"},
    {"city": "Bath", "state": "New York"},
    {"city": "Bay Shore", "state": "New York"},
    {"city": "Bayport", "state": "New York"},
    {"city": "Bayville", "state": "New York"},
    {"city": "Baywood", "state": "New York"},
    {"city": "Beacon", "state": "New York"},
    {"city": "Bedford", "state": "New York"},
    {"city": "Beekman", "state": "New York"},
    {"city": "Bellmore", "state": "New York"},
    {"city": "Bethlehem", "state": "New York"},
    {"city": "Bethpage", "state": "New York"},
    {"city": "Big Flats", "state": "New York"},
    {"city": "Binghamton", "state": "New York"},
    {"city": "Blooming Grove", "state": "New York"},
    {"city": "Bohemia", "state": "New York"},
    {"city": "Boston", "state": "New York"},
    {"city": "Brentwood", "state": "New York"},
    {"city": "Briarcliff Manor", "state": "New York"},
    {"city": "Brighton", "state": "New York"},
    {"city": "Brighton", "state": "New York"},
    {"city": "Brockport", "state": "New York"},
    {"city": "Bronxville", "state": "New York"},
    {"city": "Brookhaven", "state": "New York"},
    {"city": "Brunswick", "state": "New York"},
    {"city": "Buffalo", "state": "New York"},
    {"city": "Busti", "state": "New York"},
    {"city": "Cairo", "state": "New York"},
    {"city": "Camillus", "state": "New York"},
    {"city": "Canandaigua", "state": "New York"},
    {"city": "Canandaigua", "state": "New York"},
    {"city": "Canton", "state": "New York"},
    {"city": "Carmel", "state": "New York"},
    {"city": "Catskill", "state": "New York"},
    {"city": "Cazenovia", "state": "New York"},
    {"city": "Cedarhurst", "state": "New York"},
    {"city": "Center Moriches", "state": "New York"},
    {"city": "Centereach", "state": "New York"},
    {"city": "Central Islip", "state": "New York"},
    {"city": "Chappaqua", "state": "New York"},
    {"city": "Cheektowaga", "state": "New York"},
    {"city": "Cheektowaga", "state": "New York"},
    {"city": "Chenango", "state": "New York"},
    {"city": "Chester", "state": "New York"},
    {"city": "Chestnut Ridge", "state": "New York"},
    {"city": "Chili", "state": "New York"},
    {"city": "Cicero", "state": "New York"},
    {"city": "Clarence", "state": "New York"},
    {"city": "Clarkson", "state": "New York"},
    {"city": "Clarkstown", "state": "New York"},
    {"city": "Claverack", "state": "New York"},
    {"city": "Clay", "state": "New York"},
    {"city": "Clifton Park", "state": "New York"},
    {"city": "Cobleskill", "state": "New York"},
    {"city": "Coeymans", "state": "New York"},
    {"city": "Cohoes", "state": "New York"},
    {"city": "Collins", "state": "New York"},
    {"city": "Colonie", "state": "New York"},
    {"city": "Colonie", "state": "New York"},
    {"city": "Commack", "state": "New York"},
    {"city": "Concord", "state": "New York"},
    {"city": "Congers", "state": "New York"},
    {"city": "Copiague", "state": "New York"},
    {"city": "Coram", "state": "New York"},
    {"city": "Corning", "state": "New York"},
    {"city": "Corning", "state": "New York"},
    {"city": "Cornwall", "state": "New York"},
    {"city": "Cortland", "state": "New York"},
    {"city": "Cortlandt", "state": "New York"},
    {"city": "Cortlandville", "state": "New York"},
    {"city": "Coxsackie", "state": "New York"},
    {"city": "Crawford", "state": "New York"},
    {"city": "Croton-on-Hudson", "state": "New York"},
    {"city": "De Witt", "state": "New York"},
    {"city": "Deer Park", "state": "New York"},
    {"city": "Deerpark", "state": "New York"},
    {"city": "Delmar", "state": "New York"},
    {"city": "Depew", "state": "New York"},
    {"city": "Dix Hills", "state": "New York"},
    {"city": "Dobbs Ferry", "state": "New York"},
    {"city": "Dover", "state": "New York"},
    {"city": "Dryden", "state": "New York"},
    {"city": "Dunkirk", "state": "New York"},
    {"city": "East Aurora", "state": "New York"},
    {"city": "East Fishkill", "state": "New York"},
    {"city": "East Glenville", "state": "New York"},
    {"city": "East Greenbush", "state": "New York"},
    {"city": "East Hampton", "state": "New York"},
    {"city": "East Hills", "state": "New York"},
    {"city": "East Islip", "state": "New York"},
    {"city": "East Massapequa", "state": "New York"},
    {"city": "East Meadow", "state": "New York"},
    {"city": "East Northport", "state": "New York"},
    {"city": "East Patchogue", "state": "New York"},
    {"city": "East Rochester", "state": "New York"},
    {"city": "East Rochester", "state": "New York"},
    {"city": "East Rockaway", "state": "New York"},
    {"city": "Eastchester", "state": "New York"},
    {"city": "Eastchester", "state": "New York"},
    {"city": "Eden", "state": "New York"},
    {"city": "Elbridge", "state": "New York"},
    {"city": "Ellicott", "state": "New York"},
    {"city": "Elma", "state": "New York"},
    {"city": "Elmira", "state": "New York"},
    {"city": "Elmira", "state": "New York"},
    {"city": "Elmont", "state": "New York"},
    {"city": "Elwood", "state": "New York"},
    {"city": "Endicott", "state": "New York"},
    {"city": "Endwell", "state": "New York"},
    {"city": "Erwin", "state": "New York"},
    {"city": "Esopus", "state": "New York"},
    {"city": "Evans", "state": "New York"},
    {"city": "Fairmount", "state": "New York"},
    {"city": "Fallsburg", "state": "New York"},
    {"city": "Farmingdale", "state": "New York"},
    {"city": "Farmington", "state": "New York"},
    {"city": "Farmingville", "state": "New York"},
    {"city": "Fenton", "state": "New York"},
    {"city": "Fishkill", "state": "New York"},
    {"city": "Floral Park", "state": "New York"},
    {"city": "Fort Ann", "state": "New York"},
    {"city": "Fort Drum", "state": "New York"},
    {"city": "Fort Salonga", "state": "New York"},
    {"city": "Frankfort", "state": "New York"},
    {"city": "Franklin Square", "state": "New York"},
    {"city": "Fredonia", "state": "New York"},
    {"city": "Freeport", "state": "New York"},
    {"city": "Fulton", "state": "New York"},
    {"city": "Garden City", "state": "New York"},
    {"city": "Garden City Park", "state": "New York"},
    {"city": "Gates", "state": "New York"},
    {"city": "Gates-North Gates", "state": "New York"},
    {"city": "Geddes", "state": "New York"},
    {"city": "Geneseo", "state": "New York"},
    {"city": "Geneseo", "state": "New York"},
    {"city": "Geneva", "state": "New York"},
    {"city": "German Flatts", "state": "New York"},
    {"city": "Glen Cove", "state": "New York"},
    {"city": "Glens Falls", "state": "New York"},
    {"city": "Glens Falls North", "state": "New York"},
    {"city": "Glenville", "state": "New York"},
    {"city": "Gloversville", "state": "New York"},
    {"city": "Goshen", "state": "New York"},
    {"city": "Gouverneur", "state": "New York"},
    {"city": "Granby", "state": "New York"},
    {"city": "Grand Island", "state": "New York"},
    {"city": "Granville", "state": "New York"},
    {"city": "Great Neck", "state": "New York"},
    {"city": "Great Neck Plaza", "state": "New York"},
    {"city": "Greece", "state": "New York"},
    {"city": "Greece", "state": "New York"},
    {"city": "Greenburgh", "state": "New York"},
    {"city": "Greenfield", "state": "New York"},
    {"city": "Greenlawn", "state": "New York"},
    {"city": "Greenville", "state": "New York"},
    {"city": "Guilderland", "state": "New York"},
    {"city": "Halfmoon", "state": "New York"},
    {"city": "Hamburg", "state": "New York"},
    {"city": "Hamburg", "state": "New York"},
    {"city": "Hamlin", "state": "New York"},
    {"city": "Hampton Bays", "state": "New York"},
    {"city": "Hanover", "state": "New York"},
    {"city": "Harrison", "state": "New York"},
    {"city": "Harrison", "state": "New York"},
    {"city": "Hartsdale", "state": "New York"},
    {"city": "Hastings", "state": "New York"},
    {"city": "Hastings-on-Hudson", "state": "New York"},
    {"city": "Hauppauge", "state": "New York"},
    {"city": "Haverstraw", "state": "New York"},
    {"city": "Haverstraw", "state": "New York"},
    {"city": "Hempstead", "state": "New York"},
    {"city": "Hempstead", "state": "New York"},
    {"city": "Henrietta", "state": "New York"},
    {"city": "Herkimer", "state": "New York"},
    {"city": "Herkimer", "state": "New York"},
    {"city": "Hewlett", "state": "New York"},
    {"city": "Hicksville", "state": "New York"},
    {"city": "Highlands", "state": "New York"},
    {"city": "Hillcrest", "state": "New York"},
    {"city": "Holbrook", "state": "New York"},
    {"city": "Holtsville", "state": "New York"},
    {"city": "Homer", "state": "New York"},
    {"city": "Hoosick", "state": "New York"},
    {"city": "Hornell", "state": "New York"},
    {"city": "Horseheads", "state": "New York"},
    {"city": "Horseheads", "state": "New York"},
    {"city": "Hudson", "state": "New York"},
    {"city": "Hudson Falls", "state": "New York"},
    {"city": "Huntington", "state": "New York"},
    {"city": "Huntington", "state": "New York"},
    {"city": "Huntington Station", "state": "New York"},
    {"city": "Hurley", "state": "New York"},
    {"city": "Hyde Park", "state": "New York"},
    {"city": "Ilion", "state": "New York"},
    {"city": "Inwood", "state": "New York"},
    {"city": "Irondequoit", "state": "New York"},
    {"city": "Irondequoit", "state": "New York"},
    {"city": "Irvington", "state": "New York"},
    {"city": "Islip", "state": "New York"},
    {"city": "Islip", "state": "New York"},
    {"city": "Ithaca", "state": "New York"},
    {"city": "Ithaca", "state": "New York"},
    {"city": "Jamestown", "state": "New York"},
    {"city": "Jefferson Valley-Yorktown", "state": "New York"},
    {"city": "Jericho", "state": "New York"},
    {"city": "Johnson City", "state": "New York"},
    {"city": "Johnstown", "state": "New York"},
    {"city": "Johnstown", "state": "New York"},
    {"city": "Kenmore", "state": "New York"},
    {"city": "Kent", "state": "New York"},
    {"city": "Kinderhook", "state": "New York"},
    {"city": "Kings Park", "state": "New York"},
    {"city": "Kingsbury", "state": "New York"},
    {"city": "Kingston", "state": "New York"},
    {"city": "Kirkland", "state": "New York"},
    {"city": "Kiryas Joel", "state": "New York"},
    {"city": "La Grange", "state": "New York"},
    {"city": "Lackawanna", "state": "New York"},
    {"city": "Lake Carmel", "state": "New York"},
    {"city": "Lake Grove", "state": "New York"},
    {"city": "Lake Ronkonkoma", "state": "New York"},
    {"city": "Lancaster", "state": "New York"},
    {"city": "Lancaster", "state": "New York"},
    {"city": "Lansing", "state": "New York"},
    {"city": "Larchmont", "state": "New York"},
    {"city": "Lawrence", "state": "New York"},
    {"city": "Le Ray", "state": "New York"},
    {"city": "Le Roy", "state": "New York"},
    {"city": "Lee", "state": "New York"},
    {"city": "Lenox", "state": "New York"},
    {"city": "Levittown", "state": "New York"},
    {"city": "Lewisboro", "state": "New York"},
    {"city": "Lewiston", "state": "New York"},
    {"city": "Liberty", "state": "New York"},
    {"city": "Lindenhurst", "state": "New York"},
    {"city": "Livonia", "state": "New York"},
    {"city": "Lloyd", "state": "New York"},
    {"city": "Lockport", "state": "New York"},
    {"city": "Lockport", "state": "New York"},
    {"city": "Long Beach", "state": "New York"},
    {"city": "Lynbrook", "state": "New York"},
    {"city": "Lysander", "state": "New York"},
    {"city": "Macedon", "state": "New York"},
    {"city": "Mahopac", "state": "New York"},
    {"city": "Malone", "state": "New York"},
    {"city": "Malone", "state": "New York"},
    {"city": "Malta", "state": "New York"},
    {"city": "Malverne", "state": "New York"},
    {"city": "Mamakating", "state": "New York"},
    {"city": "Mamaroneck", "state": "New York"},
    {"city": "Mamaroneck", "state": "New York"},
    {"city": "Manchester", "state": "New York"},
    {"city": "Manhasset", "state": "New York"},
    {"city": "Manlius", "state": "New York"},
    {"city": "Manorhaven", "state": "New York"},
    {"city": "Manorville", "state": "New York"},
    {"city": "Marcellus", "state": "New York"},
    {"city": "Marcy", "state": "New York"},
    {"city": "Marlborough", "state": "New York"},
    {"city": "Massapequa", "state": "New York"},
    {"city": "Massapequa Park", "state": "New York"},
    {"city": "Massena", "state": "New York"},
    {"city": "Massena", "state": "New York"},
    {"city": "Mastic", "state": "New York"},
    {"city": "Mastic Beach", "state": "New York"},
    {"city": "Mattydale", "state": "New York"},
    {"city": "Mayfield", "state": "New York"},
    {"city": "Mechanicstown", "state": "New York"},
    {"city": "Medford", "state": "New York"},
    {"city": "Medina", "state": "New York"},
    {"city": "Melville", "state": "New York"},
    {"city": "Mendon", "state": "New York"},
    {"city": "Merrick", "state": "New York"},
    {"city": "Middle Island", "state": "New York"},
    {"city": "Middletown", "state": "New York"},
    {"city": "Miller Place", "state": "New York"},
    {"city": "Milo", "state": "New York"},
    {"city": "Milton", "state": "New York"},
    {"city": "Mineola", "state": "New York"},
    {"city": "Monroe", "state": "New York"},
    {"city": "Monroe", "state": "New York"},
    {"city": "Monsey", "state": "New York"},
    {"city": "Montgomery", "state": "New York"},
    {"city": "Monticello", "state": "New York"},
    {"city": "Moreau", "state": "New York"},
    {"city": "Mount Hope", "state": "New York"},
    {"city": "Mount Ivy", "state": "New York"},
    {"city": "Mount Kisco", "state": "New York"},
    {"city": "Mount Kisco", "state": "New York"},
    {"city": "Mount Pleasant", "state": "New York"},
    {"city": "Mount Sinai", "state": "New York"},
    {"city": "Mount Vernon", "state": "New York"},
    {"city": "Murray", "state": "New York"},
    {"city": "Nanuet", "state": "New York"},
    {"city": "Nesconset", "state": "New York"},
    {"city": "New Cassel", "state": "New York"},
    {"city": "New Castle", "state": "New York"},
    {"city": "New City", "state": "New York"},
    {"city": "New Hartford", "state": "New York"},
    {"city": "New Hyde Park", "state": "New York"},
    {"city": "New Paltz", "state": "New York"},
    {"city": "New Paltz", "state": "New York"},
    {"city": "New Rochelle", "state": "New York"},
    {"city": "New Scotland", "state": "New York"},
    {"city": "New Windsor", "state": "New York"},
    {"city": "New Windsor", "state": "New York"},
    {"city": "New York", "state": "New York"},
    {"city": "Newark", "state": "New York"},
    {"city": "Newburgh", "state": "New York"},
    {"city": "Newburgh", "state": "New York"},
    {"city": "Newfane", "state": "New York"},
    {"city": "Newstead", "state": "New York"},
    {"city": "Niagara", "state": "New York"},
    {"city": "Niagara Falls", "state": "New York"},
    {"city": "Niskayuna", "state": "New York"},
    {"city": "North Amityville", "state": "New York"},
    {"city": "North Babylon", "state": "New York"},
    {"city": "North Bay Shore", "state": "New York"},
    {"city": "North Bellmore", "state": "New York"},
    {"city": "North Bellport", "state": "New York"},
    {"city": "North Castle", "state": "New York"},
    {"city": "North Elba", "state": "New York"},
    {"city": "North Greenbush", "state": "New York"},
    {"city": "North Hempstead", "state": "New York"},
    {"city": "North Lindenhurst", "state": "New York"},
    {"city": "North Massapequa", "state": "New York"},
    {"city": "North Merrick", "state": "New York"},
    {"city": "North New Hyde Park", "state": "New York"},
    {"city": "North Patchogue", "state": "New York"},
    {"city": "North Syracuse", "state": "New York"},
    {"city": "North Tonawanda", "state": "New York"},
    {"city": "North Valley Stream", "state": "New York"},
    {"city": "North Wantagh", "state": "New York"},
    {"city": "Northport", "state": "New York"},
    {"city": "Norwich", "state": "New York"},
    {"city": "Nyack", "state": "New York"},
    {"city": "Oakdale", "state": "New York"},
    {"city": "Oceanside", "state": "New York"},
    {"city": "Ogden", "state": "New York"},
    {"city": "Ogdensburg", "state": "New York"},
    {"city": "Olean", "state": "New York"},
    {"city": "Oneida", "state": "New York"},
    {"city": "Oneonta", "state": "New York"},
    {"city": "Onondaga", "state": "New York"},
    {"city": "Ontario", "state": "New York"},
    {"city": "Orange Lake", "state": "New York"},
    {"city": "Orangetown", "state": "New York"},
    {"city": "Orchard Park", "state": "New York"},
    {"city": "Ossining", "state": "New York"},
    {"city": "Ossining", "state": "New York"},
    {"city": "Oswego", "state": "New York"},
    {"city": "Oswego", "state": "New York"},
    {"city": "Owego", "state": "New York"},
    {"city": "Oyster Bay", "state": "New York"},
    {"city": "Oyster Bay", "state": "New York"},
    {"city": "Palmyra", "state": "New York"},
    {"city": "Parma", "state": "New York"},
    {"city": "Patchogue", "state": "New York"},
    {"city": "Patterson", "state": "New York"},
    {"city": "Pawling", "state": "New York"},
    {"city": "Pearl River", "state": "New York"},
    {"city": "Peekskill", "state": "New York"},
    {"city": "Pelham", "state": "New York"},
    {"city": "Pelham", "state": "New York"},
    {"city": "Pendleton", "state": "New York"},
    {"city": "Penfield", "state": "New York"},
    {"city": "Perinton", "state": "New York"},
    {"city": "Perry", "state": "New York"},
    {"city": "Peru", "state": "New York"},
    {"city": "Phelps", "state": "New York"},
    {"city": "Philipstown", "state": "New York"},
    {"city": "Pittsford", "state": "New York"},
    {"city": "Plainedge", "state": "New York"},
    {"city": "Plainview", "state": "New York"},
    {"city": "Plattekill", "state": "New York"},
    {"city": "Plattsburgh", "state": "New York"},
    {"city": "Plattsburgh", "state": "New York"},
    {"city": "Pleasant Valley", "state": "New York"},
    {"city": "Pleasantville", "state": "New York"},
    {"city": "Pomfret", "state": "New York"},
    {"city": "Pompey", "state": "New York"},
    {"city": "Port Chester", "state": "New York"},
    {"city": "Port Jefferson", "state": "New York"},
    {"city": "Port Jefferson Station", "state": "New York"},
    {"city": "Port Jervis", "state": "New York"},
    {"city": "Port Washington", "state": "New York"},
    {"city": "Porter", "state": "New York"},
    {"city": "Potsdam", "state": "New York"},
    {"city": "Potsdam", "state": "New York"},
    {"city": "Poughkeepsie", "state": "New York"},
    {"city": "Poughkeepsie", "state": "New York"},
    {"city": "Putnam Valley", "state": "New York"},
    {"city": "Queensbury", "state": "New York"},
    {"city": "Ramapo", "state": "New York"},
    {"city": "Red Hook", "state": "New York"},
    {"city": "Rensselaer", "state": "New York"},
    {"city": "Rhinebeck", "state": "New York"},
    {"city": "Ridge", "state": "New York"},
    {"city": "Ridgeway", "state": "New York"},
    {"city": "Riverhead", "state": "New York"},
    {"city": "Riverhead", "state": "New York"},
    {"city": "Rochester", "state": "New York"},
    {"city": "Rochester", "state": "New York"},
    {"city": "Rockville Centre", "state": "New York"},
    {"city": "Rocky Point", "state": "New York"},
    {"city": "Rome", "state": "New York"},
    {"city": "Ronkonkoma", "state": "New York"},
    {"city": "Roosevelt", "state": "New York"},
    {"city": "Rosendale", "state": "New York"},
    {"city": "Roslyn Heights", "state": "New York"},
    {"city": "Rotterdam", "state": "New York"},
    {"city": "Rotterdam", "state": "New York"},
    {"city": "Royalton", "state": "New York"},
    {"city": "Rye", "state": "New York"},
    {"city": "Rye", "state": "New York"},
    {"city": "Rye Brook", "state": "New York"},
    {"city": "Salamanca", "state": "New York"},
    {"city": "Salina", "state": "New York"},
    {"city": "Salisbury", "state": "New York"},
    {"city": "Sand Lake", "state": "New York"},
    {"city": "Saratoga Springs", "state": "New York"},
    {"city": "Saugerties", "state": "New York"},
    {"city": "Sayville", "state": "New York"},
    {"city": "Scarsdale", "state": "New York"},
    {"city": "Scarsdale", "state": "New York"},
    {"city": "Schaghticoke", "state": "New York"},
    {"city": "Schenectady", "state": "New York"},
    {"city": "Schodack", "state": "New York"},
    {"city": "Schroeppel", "state": "New York"},
    {"city": "Scotchtown", "state": "New York"},
    {"city": "Scotia", "state": "New York"},
    {"city": "Scriba", "state": "New York"},
    {"city": "Seaford", "state": "New York"},
    {"city": "Selden", "state": "New York"},
    {"city": "Seneca Falls", "state": "New York"},
    {"city": "Seneca Falls", "state": "New York"},
    {"city": "Setauket-East Setauket", "state": "New York"},
    {"city": "Shawangunk", "state": "New York"},
    {"city": "Shirley", "state": "New York"},
    {"city": "Sidney", "state": "New York"},
    {"city": "Skaneateles", "state": "New York"},
    {"city": "Sleepy Hollow", "state": "New York"},
    {"city": "Smithtown", "state": "New York"},
    {"city": "Smithtown", "state": "New York"},
    {"city": "Sodus", "state": "New York"},
    {"city": "Solvay", "state": "New York"},
    {"city": "Somers", "state": "New York"},
    {"city": "Sound Beach", "state": "New York"},
    {"city": "South Farmingdale", "state": "New York"},
    {"city": "South Hill", "state": "New York"},
    {"city": "South Huntington", "state": "New York"},
    {"city": "South Lockport", "state": "New York"},
    {"city": "Southampton", "state": "New York"},
    {"city": "Southeast", "state": "New York"},
    {"city": "Southold", "state": "New York"},
    {"city": "Southport", "state": "New York"},
    {"city": "Southport", "state": "New York"},
    {"city": "Spring Valley", "state": "New York"},
    {"city": "St. James", "state": "New York"},
    {"city": "Stillwater", "state": "New York"},
    {"city": "Stony Brook", "state": "New York"},
    {"city": "Stony Point", "state": "New York"},
    {"city": "Stony Point", "state": "New York"},
    {"city": "Suffern", "state": "New York"},
    {"city": "Sullivan", "state": "New York"},
    {"city": "Sweden", "state": "New York"},
    {"city": "Syosset", "state": "New York"},
    {"city": "Syracuse", "state": "New York"},
    {"city": "Tappan", "state": "New York"},
    {"city": "Tarrytown", "state": "New York"},
    {"city": "Terryville", "state": "New York"},
    {"city": "Thompson", "state": "New York"},
    {"city": "Tonawanda", "state": "New York"},
    {"city": "Tonawanda", "state": "New York"},
    {"city": "Tonawanda", "state": "New York"},
    {"city": "Troy", "state": "New York"},
    {"city": "Tuckahoe", "state": "New York"},
    {"city": "Ulster", "state": "New York"},
    {"city": "Union", "state": "New York"},
    {"city": "Uniondale", "state": "New York"},
    {"city": "Utica", "state": "New York"},
    {"city": "Valley Cottage", "state": "New York"},
    {"city": "Valley Stream", "state": "New York"},
    {"city": "Van Buren", "state": "New York"},
    {"city": "Verona", "state": "New York"},
    {"city": "Vestal", "state": "New York"},
    {"city": "Victor", "state": "New York"},
    {"city": "Volney", "state": "New York"},
    {"city": "Wading River", "state": "New York"},
    {"city": "Walden", "state": "New York"},
    {"city": "Wallkill", "state": "New York"},
    {"city": "Walworth", "state": "New York"},
    {"city": "Wantagh", "state": "New York"},
    {"city": "Wappinger", "state": "New York"},
    {"city": "Warwick", "state": "New York"},
    {"city": "Warwick", "state": "New York"},
    {"city": "Waterford", "state": "New York"},
    {"city": "Waterloo", "state": "New York"},
    {"city": "Watertown", "state": "New York"},
    {"city": "Watervliet", "state": "New York"},
    {"city": "Wawarsing", "state": "New York"},
    {"city": "Wawayanda", "state": "New York"},
    {"city": "Webster", "state": "New York"},
    {"city": "Wellsville", "state": "New York"},
    {"city": "West Babylon", "state": "New York"},
    {"city": "West Glens Falls", "state": "New York"},
    {"city": "West Haverstraw", "state": "New York"},
    {"city": "West Hempstead", "state": "New York"},
    {"city": "West Islip", "state": "New York"},
    {"city": "West New York", "state": "New Jersey"},
    {"city": "West Point", "state": "New York"},
    {"city": "West Seneca", "state": "New York"},
    {"city": "West Seneca", "state": "New York"},
    {"city": "Westbury", "state": "New York"},
    {"city": "Westmere", "state": "New York"},
    {"city": "Westmoreland", "state": "New York"},
    {"city": "Wheatfield", "state": "New York"},
    {"city": "White Plains", "state": "New York"},
    {"city": "Whitestown", "state": "New York"},
    {"city": "Williamson", "state": "New York"},
    {"city": "Williston Park", "state": "New York"},
    {"city": "Wilna", "state": "New York"},
    {"city": "Wilton", "state": "New York"},
    {"city": "Windsor", "state": "New York"},
    {"city": "Woodbury", "state": "New York"},
    {"city": "Woodbury", "state": "New York"},
    {"city": "Woodmere", "state": "New York"},
    {"city": "Woodstock", "state": "New York"},
    {"city": "Wyandanch", "state": "New York"},
    {"city": "Yonkers", "state": "New York"},
    {"city": "Yorktown", "state": "New York"},
    {"city": "Yorktown Heights", "state": "New York"},
    {"city": "Aliquippa", "state": "Pennsylvania"},
    {"city": "Allentown", "state": "Pennsylvania"},
    {"city": "Altoona", "state": "Pennsylvania"},
    {"city": "Ambler", "state": "Pennsylvania"},
    {"city": "Ambridge", "state": "Pennsylvania"},
    {"city": "Archbald", "state": "Pennsylvania"},
    {"city": "Ardmore", "state": "Pennsylvania"},
    {"city": "Audubon", "state": "Pennsylvania"},
    {"city": "Back Mountain", "state": "Pennsylvania"},
    {"city": "Baldwin", "state": "Pennsylvania"},
    {"city": "Beaver Falls", "state": "Pennsylvania"},
    {"city": "Bellefonte", "state": "Pennsylvania"},
    {"city": "Bellevue", "state": "Pennsylvania"},
    {"city": "Berwick", "state": "Pennsylvania"},
    {"city": "Bethel Park", "state": "Pennsylvania"},
    {"city": "Bethlehem", "state": "Pennsylvania"},
    {"city": "Blakely", "state": "Pennsylvania"},
    {"city": "Bloomsburg", "state": "Pennsylvania"},
    {"city": "Blue Bell", "state": "Pennsylvania"},
    {"city": "Bradford", "state": "Pennsylvania"},
    {"city": "Brentwood", "state": "Pennsylvania"},
    {"city": "Bristol", "state": "Pennsylvania"},
    {"city": "Brookhaven", "state": "Pennsylvania"},
    {"city": "Broomall", "state": "Pennsylvania"},
    {"city": "Butler", "state": "Pennsylvania"},
    {"city": "Camp Hill", "state": "Pennsylvania"},
    {"city": "Canonsburg", "state": "Pennsylvania"},
    {"city": "Carbondale", "state": "Pennsylvania"},
    {"city": "Carlisle", "state": "Pennsylvania"},
    {"city": "Carnegie", "state": "Pennsylvania"},
    {"city": "Carnot-Moon", "state": "Pennsylvania"},
    {"city": "Castle Shannon", "state": "Pennsylvania"},
    {"city": "Catasauqua", "state": "Pennsylvania"},
    {"city": "Chambersburg", "state": "Pennsylvania"},
    {"city": "Chester", "state": "Pennsylvania"},
    {"city": "Clairton", "state": "Pennsylvania"},
    {"city": "Clarion", "state": "Pennsylvania"},
    {"city": "Clearfield", "state": "Pennsylvania"},
    {"city": "Clifton Heights", "state": "Pennsylvania"},
    {"city": "Coatesville", "state": "Pennsylvania"},
    {"city": "Collegeville", "state": "Pennsylvania"},
    {"city": "Collingdale", "state": "Pennsylvania"},
    {"city": "Colonial Park", "state": "Pennsylvania"},
    {"city": "Columbia", "state": "Pennsylvania"},
    {"city": "Connellsville", "state": "Pennsylvania"},
    {"city": "Conshohocken", "state": "Pennsylvania"},
    {"city": "Coraopolis", "state": "Pennsylvania"},
    {"city": "Corry", "state": "Pennsylvania"},
    {"city": "Crafton", "state": "Pennsylvania"},
    {"city": "Croydon", "state": "Pennsylvania"},
    {"city": "Darby", "state": "Pennsylvania"},
    {"city": "Darby Township", "state": "Pennsylvania"},
    {"city": "Dickson City", "state": "Pennsylvania"},
    {"city": "Dormont", "state": "Pennsylvania"},
    {"city": "Downingtown", "state": "Pennsylvania"},
    {"city": "Doylestown", "state": "Pennsylvania"},
    {"city": "Drexel Hill", "state": "Pennsylvania"},
    {"city": "DuBois", "state": "Pennsylvania"},
    {"city": "Dunmore", "state": "Pennsylvania"},
    {"city": "Duquesne", "state": "Pennsylvania"},
    {"city": "East Norriton", "state": "Pennsylvania"},
    {"city": "East Stroudsburg", "state": "Pennsylvania"},
    {"city": "East York", "state": "Pennsylvania"},
    {"city": "Easton", "state": "Pennsylvania"},
    {"city": "Economy", "state": "Pennsylvania"},
    {"city": "Edinboro", "state": "Pennsylvania"},
    {"city": "Elizabethtown", "state": "Pennsylvania"},
    {"city": "Ellwood City", "state": "Pennsylvania"},
    {"city": "Emmaus", "state": "Pennsylvania"},
    {"city": "Ephrata", "state": "Pennsylvania"},
    {"city": "Erie", "state": "Pennsylvania"},
    {"city": "Fairless Hills", "state": "Pennsylvania"},
    {"city": "Farrell", "state": "Pennsylvania"},
    {"city": "Feasterville-Trevose", "state": "Pennsylvania"},
    {"city": "Fernway", "state": "Pennsylvania"},
    {"city": "Folcroft", "state": "Pennsylvania"},
    {"city": "Folsom", "state": "Pennsylvania"},
    {"city": "Forest Hills", "state": "Pennsylvania"},
    {"city": "Franklin", "state": "Pennsylvania"},
    {"city": "Franklin Park", "state": "Pennsylvania"},
    {"city": "Fullerton", "state": "Pennsylvania"},
    {"city": "Gettysburg", "state": "Pennsylvania"},
    {"city": "Glenolden", "state": "Pennsylvania"},
    {"city": "Glenside", "state": "Pennsylvania"},
    {"city": "Greensburg", "state": "Pennsylvania"},
    {"city": "Greenville", "state": "Pennsylvania"},
    {"city": "Grove City", "state": "Pennsylvania"},
    {"city": "Hampton Township", "state": "Pennsylvania"},
    {"city": "Hanover", "state": "Pennsylvania"},
    {"city": "Harleysville", "state": "Pennsylvania"},
    {"city": "Harrisburg", "state": "Pennsylvania"},
    {"city": "Harrison Township", "state": "Pennsylvania"},
    {"city": "Hatboro", "state": "Pennsylvania"},
    {"city": "Hazleton", "state": "Pennsylvania"},
    {"city": "Hermitage", "state": "Pennsylvania"},
    {"city": "Hershey", "state": "Pennsylvania"},
    {"city": "Homeacre-Lyndora", "state": "Pennsylvania"},
    {"city": "Horsham", "state": "Pennsylvania"},
    {"city": "Huntingdon", "state": "Pennsylvania"},
    {"city": "Indiana", "state": "Pennsylvania"},
    {"city": "Jeannette", "state": "Pennsylvania"},
    {"city": "Jefferson Hills", "state": "Pennsylvania"},
    {"city": "Johnstown", "state": "Pennsylvania"},
    {"city": "Kennedy Township", "state": "Pennsylvania"},
    {"city": "King of Prussia", "state": "Pennsylvania"},
    {"city": "Kingston", "state": "Pennsylvania"},
    {"city": "Kulpsville", "state": "Pennsylvania"},
    {"city": "Lancaster", "state": "Pennsylvania"},
    {"city": "Lansdale", "state": "Pennsylvania"},
    {"city": "Lansdowne", "state": "Pennsylvania"},
    {"city": "Latrobe", "state": "Pennsylvania"},
    {"city": "Leacock-Leola-Bareville", "state": "Pennsylvania"},
    {"city": "Lebanon", "state": "Pennsylvania"},
    {"city": "Levittown", "state": "Pennsylvania"},
    {"city": "Lewistown", "state": "Pennsylvania"},
    {"city": "Linglestown", "state": "Pennsylvania"},
    {"city": "Lionville-Marchwood", "state": "Pennsylvania"},
    {"city": "Lititz", "state": "Pennsylvania"},
    {"city": "Lock Haven", "state": "Pennsylvania"},
    {"city": "Lower Allen", "state": "Pennsylvania"},
    {"city": "Lower Burrell", "state": "Pennsylvania"},
    {"city": "Maple Glen", "state": "Pennsylvania"},
    {"city": "McCandless Township", "state": "Pennsylvania"},
    {"city": "McKees Rocks", "state": "Pennsylvania"},
    {"city": "McKeesport", "state": "Pennsylvania"},
    {"city": "Meadville", "state": "Pennsylvania"},
    {"city": "Mechanicsburg", "state": "Pennsylvania"},
    {"city": "Middletown", "state": "Pennsylvania"},
    {"city": "Middletown", "state": "Pennsylvania"},
    {"city": "Millersville", "state": "Pennsylvania"},
    {"city": "Milton", "state": "Pennsylvania"},
    {"city": "Monaca", "state": "Pennsylvania"},
    {"city": "Monessen", "state": "Pennsylvania"},
    {"city": "Montgomeryville", "state": "Pennsylvania"},
    {"city": "Morrisville", "state": "Pennsylvania"},
    {"city": "Mount Carmel", "state": "Pennsylvania"},
    {"city": "Mount Joy", "state": "Pennsylvania"},
    {"city": "Mount Lebanon", "state": "Pennsylvania"},
    {"city": "Mountain Top", "state": "Pennsylvania"},
    {"city": "Munhall", "state": "Pennsylvania"},
    {"city": "Municipality of Monroeville", "state": "Pennsylvania"},
    {"city": "Municipality of Murrysville", "state": "Pennsylvania"},
    {"city": "Nanticoke", "state": "Pennsylvania"},
    {"city": "Nazareth", "state": "Pennsylvania"},
    {"city": "Nether Providence Township", "state": "Pennsylvania"},
    {"city": "New Brighton", "state": "Pennsylvania"},
    {"city": "New Castle", "state": "Pennsylvania"},
    {"city": "New Cumberland", "state": "Pennsylvania"},
    {"city": "New Kensington", "state": "Pennsylvania"},
    {"city": "Norristown", "state": "Pennsylvania"},
    {"city": "North Braddock", "state": "Pennsylvania"},
    {"city": "North Versailles", "state": "Pennsylvania"},
    {"city": "Northampton", "state": "Pennsylvania"},
    {"city": "Northwest Harborcreek", "state": "Pennsylvania"},
    {"city": "O’Hara Township", "state": "Pennsylvania"},
    {"city": "Oakmont", "state": "Pennsylvania"},
    {"city": "Oil City", "state": "Pennsylvania"},
    {"city": "Old Forge", "state": "Pennsylvania"},
    {"city": "Palmyra", "state": "Pennsylvania"},
    {"city": "Park Forest Village", "state": "Pennsylvania"},
    {"city": "Parkville", "state": "Pennsylvania"},
    {"city": "Penn Hills", "state": "Pennsylvania"},
    {"city": "Perkasie", "state": "Pennsylvania"},
    {"city": "Philadelphia", "state": "Pennsylvania"},
    {"city": "Phoenixville", "state": "Pennsylvania"},
    {"city": "Pittsburgh", "state": "Pennsylvania"},
    {"city": "Pittston", "state": "Pennsylvania"},
    {"city": "Pleasant Hills", "state": "Pennsylvania"},
    {"city": "Plum", "state": "Pennsylvania"},
    {"city": "Plymouth", "state": "Pennsylvania"},
    {"city": "Pottstown", "state": "Pennsylvania"},
    {"city": "Pottsville", "state": "Pennsylvania"},
    {"city": "Progress", "state": "Pennsylvania"},
    {"city": "Prospect Park", "state": "Pennsylvania"},
    {"city": "Punxsutawney", "state": "Pennsylvania"},
    {"city": "Quakertown", "state": "Pennsylvania"},
    {"city": "Radnor Township", "state": "Pennsylvania"},
    {"city": "Reading", "state": "Pennsylvania"},
    {"city": "Red Lion", "state": "Pennsylvania"},
    {"city": "Richboro", "state": "Pennsylvania"},
    {"city": "Ridley Park", "state": "Pennsylvania"},
    {"city": "Robinson Township", "state": "Pennsylvania"},
    {"city": "Ross Township", "state": "Pennsylvania"},
    {"city": "Sanatoga", "state": "Pennsylvania"},
    {"city": "Scott Township", "state": "Pennsylvania"},
    {"city": "Scranton", "state": "Pennsylvania"},
    {"city": "Shaler Township", "state": "Pennsylvania"},
    {"city": "Shamokin", "state": "Pennsylvania"},
    {"city": "Sharon", "state": "Pennsylvania"},
    {"city": "Shiloh", "state": "Pennsylvania"},
    {"city": "Somerset", "state": "Pennsylvania"},
    {"city": "Souderton", "state": "Pennsylvania"},
    {"city": "South Park Township", "state": "Pennsylvania"},
    {"city": "South Williamsport", "state": "Pennsylvania"},
    {"city": "Springfield", "state": "Pennsylvania"},
    {"city": "St. Marys", "state": "Pennsylvania"},
    {"city": "State College", "state": "Pennsylvania"},
    {"city": "Stowe Township", "state": "Pennsylvania"},
    {"city": "Sunbury", "state": "Pennsylvania"},
    {"city": "Swarthmore", "state": "Pennsylvania"},
    {"city": "Swissvale", "state": "Pennsylvania"},
    {"city": "Tamaqua", "state": "Pennsylvania"},
    {"city": "Taylor", "state": "Pennsylvania"},
    {"city": "Titusville", "state": "Pennsylvania"},
    {"city": "Trooper", "state": "Pennsylvania"},
    {"city": "Turtle Creek", "state": "Pennsylvania"},
    {"city": "Uniontown", "state": "Pennsylvania"},
    {"city": "Upper Providence Township", "state": "Pennsylvania"},
    {"city": "Upper St. Clair", "state": "Pennsylvania"},
    {"city": "Village Green-Green Ridge", "state": "Pennsylvania"},
    {"city": "Warren", "state": "Pennsylvania"},
    {"city": "Washington", "state": "Pennsylvania"},
    {"city": "Waynesboro", "state": "Pennsylvania"},
    {"city": "Weigelstown", "state": "Pennsylvania"},
    {"city": "West Chester", "state": "Pennsylvania"},
    {"city": "West Goshen", "state": "Pennsylvania"},
    {"city": "West Mifflin", "state": "Pennsylvania"},
    {"city": "West Norriton", "state": "Pennsylvania"},
    {"city": "West View", "state": "Pennsylvania"},
    {"city": "White Oak", "state": "Pennsylvania"},
    {"city": "Whitehall", "state": "Pennsylvania"},
    {"city": "Wilkes-Barre", "state": "Pennsylvania"},
    {"city": "Wilkins Township", "state": "Pennsylvania"},
    {"city": "Wilkinsburg", "state": "Pennsylvania"},
    {"city": "Williamsport", "state": "Pennsylvania"},
    {"city": "Willow Grove", "state": "Pennsylvania"},
    {"city": "Willow Street", "state": "Pennsylvania"},
    {"city": "Wilson", "state": "Pennsylvania"},
    {"city": "Woodlyn", "state": "Pennsylvania"},
    {"city": "Wyomissing", "state": "Pennsylvania"},
    {"city": "Yeadon", "state": "Pennsylvania"},
    {"city": "York", "state": "Pennsylvania"}
]